Year,Lg,Tm,Abr
1929,NFL,Buffalo Bisons,bff
1927,NFL,Buffalo Bisons,bff
1926,NFL,Buffalo Rangers,bff
1925,NFL,Buffalo Bisons,bff
1924,NFL,Buffalo Bisons,bff
1923,NFL,Buffalo All-Americans,bff
1922,NFL,Buffalo All-Americans,bff
1921,APFA,Buffalo All-Americans,bff
1920,APFA,Buffalo All-Americans,bff
1929,NFL,Dayton Triangles,day
1928,NFL,Dayton Triangles,day
1927,NFL,Dayton Triangles,day
1926,NFL,Dayton Triangles,day
1925,NFL,Dayton Triangles,day
1924,NFL,Dayton Triangles,day
1923,NFL,Dayton Triangles,day
1922,NFL,Dayton Triangles,day
1921,APFA,Dayton Triangles,day
1920,APFA,Dayton Triangles,day
1926,NFL,Milwaukee Badgers,mil
1925,NFL,Milwaukee Badgers,mil
1924,NFL,Milwaukee Badgers,mil
1923,NFL,Milwaukee Badgers,mil
1922,NFL,Milwaukee Badgers,mil
2015,NFL,Atlanta Falcons,atl
2014,NFL,Atlanta Falcons,atl
2013,NFL,Atlanta Falcons,atl
2012,NFL,Atlanta Falcons,atl
2011,NFL,Atlanta Falcons,atl
2010,NFL,Atlanta Falcons,atl
2009,NFL,Atlanta Falcons,atl
2008,NFL,Atlanta Falcons,atl
2007,NFL,Atlanta Falcons,atl
2006,NFL,Atlanta Falcons,atl
2005,NFL,Atlanta Falcons,atl
2004,NFL,Atlanta Falcons,atl
2003,NFL,Atlanta Falcons,atl
2002,NFL,Atlanta Falcons,atl
2001,NFL,Atlanta Falcons,atl
2000,NFL,Atlanta Falcons,atl
1999,NFL,Atlanta Falcons,atl
1998,NFL,Atlanta Falcons,atl
1997,NFL,Atlanta Falcons,atl
1996,NFL,Atlanta Falcons,atl
1995,NFL,Atlanta Falcons,atl
1994,NFL,Atlanta Falcons,atl
1993,NFL,Atlanta Falcons,atl
1992,NFL,Atlanta Falcons,atl
1991,NFL,Atlanta Falcons,atl
1990,NFL,Atlanta Falcons,atl
1989,NFL,Atlanta Falcons,atl
1988,NFL,Atlanta Falcons,atl
1987,NFL,Atlanta Falcons,atl
1986,NFL,Atlanta Falcons,atl
1985,NFL,Atlanta Falcons,atl
1984,NFL,Atlanta Falcons,atl
1983,NFL,Atlanta Falcons,atl
1982,NFL,Atlanta Falcons,atl
1981,NFL,Atlanta Falcons,atl
1980,NFL,Atlanta Falcons,atl
1979,NFL,Atlanta Falcons,atl
1978,NFL,Atlanta Falcons,atl
1977,NFL,Atlanta Falcons,atl
1976,NFL,Atlanta Falcons,atl
1975,NFL,Atlanta Falcons,atl
1974,NFL,Atlanta Falcons,atl
1973,NFL,Atlanta Falcons,atl
1972,NFL,Atlanta Falcons,atl
1971,NFL,Atlanta Falcons,atl
1970,NFL,Atlanta Falcons,atl
1969,NFL,Atlanta Falcons,atl
1968,NFL,Atlanta Falcons,atl
1967,NFL,Atlanta Falcons,atl
1966,NFL,Atlanta Falcons,atl
1925,NFL,Rock Island Independents,rii
1924,NFL,Rock Island Independents,rii
1923,NFL,Rock Island Independents,rii
1922,NFL,Rock Island Independents,rii
1921,APFA,Rock Island Independents,rii
1920,APFA,Rock Island Independents,rii
1921,APFA,Washington Senators,sen
1934,NFL,St. Louis Gunners,gun
1921,APFA,Tonawanda Kardex,ton
1926,NFL,Racine Tornadoes,rac
1924,NFL,Racine Legion,rac
1923,NFL,Racine Legion,rac
1922,NFL,Racine Legion,rac
2015,NFL,Washington Redskins,was
2014,NFL,Washington Redskins,was
2013,NFL,Washington Redskins,was
2012,NFL,Washington Redskins,was
2011,NFL,Washington Redskins,was
2010,NFL,Washington Redskins,was
2009,NFL,Washington Redskins,was
2008,NFL,Washington Redskins,was
2007,NFL,Washington Redskins,was
2006,NFL,Washington Redskins,was
2005,NFL,Washington Redskins,was
2004,NFL,Washington Redskins,was
2003,NFL,Washington Redskins,was
2002,NFL,Washington Redskins,was
2001,NFL,Washington Redskins,was
2000,NFL,Washington Redskins,was
1999,NFL,Washington Redskins,was
1998,NFL,Washington Redskins,was
1997,NFL,Washington Redskins,was
1996,NFL,Washington Redskins,was
1995,NFL,Washington Redskins,was
1994,NFL,Washington Redskins,was
1993,NFL,Washington Redskins,was
1992,NFL,Washington Redskins,was
1991,NFL,Washington Redskins,was
1990,NFL,Washington Redskins,was
1989,NFL,Washington Redskins,was
1988,NFL,Washington Redskins,was
1987,NFL,Washington Redskins,was
1986,NFL,Washington Redskins,was
1985,NFL,Washington Redskins,was
1984,NFL,Washington Redskins,was
1983,NFL,Washington Redskins,was
1982,NFL,Washington Redskins,was
1981,NFL,Washington Redskins,was
1980,NFL,Washington Redskins,was
1979,NFL,Washington Redskins,was
1978,NFL,Washington Redskins,was
1977,NFL,Washington Redskins,was
1976,NFL,Washington Redskins,was
1975,NFL,Washington Redskins,was
1974,NFL,Washington Redskins,was
1973,NFL,Washington Redskins,was
1972,NFL,Washington Redskins,was
1971,NFL,Washington Redskins,was
1970,NFL,Washington Redskins,was
1969,NFL,Washington Redskins,was
1968,NFL,Washington Redskins,was
1967,NFL,Washington Redskins,was
1966,NFL,Washington Redskins,was
1965,NFL,Washington Redskins,was
1964,NFL,Washington Redskins,was
1963,NFL,Washington Redskins,was
1962,NFL,Washington Redskins,was
1961,NFL,Washington Redskins,was
1960,NFL,Washington Redskins,was
1959,NFL,Washington Redskins,was
1958,NFL,Washington Redskins,was
1957,NFL,Washington Redskins,was
1956,NFL,Washington Redskins,was
1955,NFL,Washington Redskins,was
1954,NFL,Washington Redskins,was
1953,NFL,Washington Redskins,was
1952,NFL,Washington Redskins,was
1951,NFL,Washington Redskins,was
1950,NFL,Washington Redskins,was
1949,NFL,Washington Redskins,was
1948,NFL,Washington Redskins,was
1947,NFL,Washington Redskins,was
1946,NFL,Washington Redskins,was
1945,NFL,Washington Redskins,was
1944,NFL,Washington Redskins,was
1943,NFL,Washington Redskins,was
1942,NFL,Washington Redskins,was
1941,NFL,Washington Redskins,was
1940,NFL,Washington Redskins,was
1939,NFL,Washington Redskins,was
1938,NFL,Washington Redskins,was
1937,NFL,Washington Redskins,was
1936,NFL,Boston Redskins,was
1935,NFL,Boston Redskins,was
1934,NFL,Boston Redskins,was
1933,NFL,Boston Redskins,was
1932,NFL,Boston Braves,was
2015,NFL,Denver Broncos,den
2014,NFL,Denver Broncos,den
2013,NFL,Denver Broncos,den
2012,NFL,Denver Broncos,den
2011,NFL,Denver Broncos,den
2010,NFL,Denver Broncos,den
2009,NFL,Denver Broncos,den
2008,NFL,Denver Broncos,den
2007,NFL,Denver Broncos,den
2006,NFL,Denver Broncos,den
2005,NFL,Denver Broncos,den
2004,NFL,Denver Broncos,den
2003,NFL,Denver Broncos,den
2002,NFL,Denver Broncos,den
2001,NFL,Denver Broncos,den
2000,NFL,Denver Broncos,den
1999,NFL,Denver Broncos,den
1998,NFL,Denver Broncos,den
1997,NFL,Denver Broncos,den
1996,NFL,Denver Broncos,den
1995,NFL,Denver Broncos,den
1994,NFL,Denver Broncos,den
1993,NFL,Denver Broncos,den
1992,NFL,Denver Broncos,den
1991,NFL,Denver Broncos,den
1990,NFL,Denver Broncos,den
1989,NFL,Denver Broncos,den
1988,NFL,Denver Broncos,den
1987,NFL,Denver Broncos,den
1986,NFL,Denver Broncos,den
1985,NFL,Denver Broncos,den
1984,NFL,Denver Broncos,den
1983,NFL,Denver Broncos,den
1982,NFL,Denver Broncos,den
1981,NFL,Denver Broncos,den
1980,NFL,Denver Broncos,den
1979,NFL,Denver Broncos,den
1978,NFL,Denver Broncos,den
1977,NFL,Denver Broncos,den
1976,NFL,Denver Broncos,den
1975,NFL,Denver Broncos,den
1974,NFL,Denver Broncos,den
1973,NFL,Denver Broncos,den
1972,NFL,Denver Broncos,den
1971,NFL,Denver Broncos,den
1970,NFL,Denver Broncos,den
1969,AFL,Denver Broncos,den
1968,AFL,Denver Broncos,den
1967,AFL,Denver Broncos,den
1966,AFL,Denver Broncos,den
1965,AFL,Denver Broncos,den
1964,AFL,Denver Broncos,den
1963,AFL,Denver Broncos,den
1962,AFL,Denver Broncos,den
1961,AFL,Denver Broncos,den
1960,AFL,Denver Broncos,den
1930,NFL,Newark Tornadoes,tor
1929,NFL,Orange Tornadoes,tor
2015,NFL,Dallas Cowboys,dal
2014,NFL,Dallas Cowboys,dal
2013,NFL,Dallas Cowboys,dal
2012,NFL,Dallas Cowboys,dal
2011,NFL,Dallas Cowboys,dal
2010,NFL,Dallas Cowboys,dal
2009,NFL,Dallas Cowboys,dal
2008,NFL,Dallas Cowboys,dal
2007,NFL,Dallas Cowboys,dal
2006,NFL,Dallas Cowboys,dal
2005,NFL,Dallas Cowboys,dal
2004,NFL,Dallas Cowboys,dal
2003,NFL,Dallas Cowboys,dal
2002,NFL,Dallas Cowboys,dal
2001,NFL,Dallas Cowboys,dal
2000,NFL,Dallas Cowboys,dal
1999,NFL,Dallas Cowboys,dal
1998,NFL,Dallas Cowboys,dal
1997,NFL,Dallas Cowboys,dal
1996,NFL,Dallas Cowboys,dal
1995,NFL,Dallas Cowboys,dal
1994,NFL,Dallas Cowboys,dal
1993,NFL,Dallas Cowboys,dal
1992,NFL,Dallas Cowboys,dal
1991,NFL,Dallas Cowboys,dal
1990,NFL,Dallas Cowboys,dal
1989,NFL,Dallas Cowboys,dal
1988,NFL,Dallas Cowboys,dal
1987,NFL,Dallas Cowboys,dal
1986,NFL,Dallas Cowboys,dal
1985,NFL,Dallas Cowboys,dal
1984,NFL,Dallas Cowboys,dal
1983,NFL,Dallas Cowboys,dal
1982,NFL,Dallas Cowboys,dal
1981,NFL,Dallas Cowboys,dal
1980,NFL,Dallas Cowboys,dal
1979,NFL,Dallas Cowboys,dal
1978,NFL,Dallas Cowboys,dal
1977,NFL,Dallas Cowboys,dal
1976,NFL,Dallas Cowboys,dal
1975,NFL,Dallas Cowboys,dal
1974,NFL,Dallas Cowboys,dal
1973,NFL,Dallas Cowboys,dal
1972,NFL,Dallas Cowboys,dal
1971,NFL,Dallas Cowboys,dal
1970,NFL,Dallas Cowboys,dal
1969,NFL,Dallas Cowboys,dal
1968,NFL,Dallas Cowboys,dal
1967,NFL,Dallas Cowboys,dal
1966,NFL,Dallas Cowboys,dal
1965,NFL,Dallas Cowboys,dal
1964,NFL,Dallas Cowboys,dal
1963,NFL,Dallas Cowboys,dal
1962,NFL,Dallas Cowboys,dal
1961,NFL,Dallas Cowboys,dal
1960,NFL,Dallas Cowboys,dal
2015,NFL,Seattle Seahawks,sea
2014,NFL,Seattle Seahawks,sea
2013,NFL,Seattle Seahawks,sea
2012,NFL,Seattle Seahawks,sea
2011,NFL,Seattle Seahawks,sea
2010,NFL,Seattle Seahawks,sea
2009,NFL,Seattle Seahawks,sea
2008,NFL,Seattle Seahawks,sea
2007,NFL,Seattle Seahawks,sea
2006,NFL,Seattle Seahawks,sea
2005,NFL,Seattle Seahawks,sea
2004,NFL,Seattle Seahawks,sea
2003,NFL,Seattle Seahawks,sea
2002,NFL,Seattle Seahawks,sea
2001,NFL,Seattle Seahawks,sea
2000,NFL,Seattle Seahawks,sea
1999,NFL,Seattle Seahawks,sea
1998,NFL,Seattle Seahawks,sea
1997,NFL,Seattle Seahawks,sea
1996,NFL,Seattle Seahawks,sea
1995,NFL,Seattle Seahawks,sea
1994,NFL,Seattle Seahawks,sea
1993,NFL,Seattle Seahawks,sea
1992,NFL,Seattle Seahawks,sea
1991,NFL,Seattle Seahawks,sea
1990,NFL,Seattle Seahawks,sea
1989,NFL,Seattle Seahawks,sea
1988,NFL,Seattle Seahawks,sea
1987,NFL,Seattle Seahawks,sea
1986,NFL,Seattle Seahawks,sea
1985,NFL,Seattle Seahawks,sea
1984,NFL,Seattle Seahawks,sea
1983,NFL,Seattle Seahawks,sea
1982,NFL,Seattle Seahawks,sea
1981,NFL,Seattle Seahawks,sea
1980,NFL,Seattle Seahawks,sea
1979,NFL,Seattle Seahawks,sea
1978,NFL,Seattle Seahawks,sea
1977,NFL,Seattle Seahawks,sea
1976,NFL,Seattle Seahawks,sea
2015,NFL,Green Bay Packers,gnb
2014,NFL,Green Bay Packers,gnb
2013,NFL,Green Bay Packers,gnb
2012,NFL,Green Bay Packers,gnb
2011,NFL,Green Bay Packers,gnb
2010,NFL,Green Bay Packers,gnb
2009,NFL,Green Bay Packers,gnb
2008,NFL,Green Bay Packers,gnb
2007,NFL,Green Bay Packers,gnb
2006,NFL,Green Bay Packers,gnb
2005,NFL,Green Bay Packers,gnb
2004,NFL,Green Bay Packers,gnb
2003,NFL,Green Bay Packers,gnb
2002,NFL,Green Bay Packers,gnb
2001,NFL,Green Bay Packers,gnb
2000,NFL,Green Bay Packers,gnb
1999,NFL,Green Bay Packers,gnb
1998,NFL,Green Bay Packers,gnb
1997,NFL,Green Bay Packers,gnb
1996,NFL,Green Bay Packers,gnb
1995,NFL,Green Bay Packers,gnb
1994,NFL,Green Bay Packers,gnb
1993,NFL,Green Bay Packers,gnb
1992,NFL,Green Bay Packers,gnb
1991,NFL,Green Bay Packers,gnb
1990,NFL,Green Bay Packers,gnb
1989,NFL,Green Bay Packers,gnb
1988,NFL,Green Bay Packers,gnb
1987,NFL,Green Bay Packers,gnb
1986,NFL,Green Bay Packers,gnb
1985,NFL,Green Bay Packers,gnb
1984,NFL,Green Bay Packers,gnb
1983,NFL,Green Bay Packers,gnb
1982,NFL,Green Bay Packers,gnb
1981,NFL,Green Bay Packers,gnb
1980,NFL,Green Bay Packers,gnb
1979,NFL,Green Bay Packers,gnb
1978,NFL,Green Bay Packers,gnb
1977,NFL,Green Bay Packers,gnb
1976,NFL,Green Bay Packers,gnb
1975,NFL,Green Bay Packers,gnb
1974,NFL,Green Bay Packers,gnb
1973,NFL,Green Bay Packers,gnb
1972,NFL,Green Bay Packers,gnb
1971,NFL,Green Bay Packers,gnb
1970,NFL,Green Bay Packers,gnb
1969,NFL,Green Bay Packers,gnb
1968,NFL,Green Bay Packers,gnb
1967,NFL,Green Bay Packers,gnb
1966,NFL,Green Bay Packers,gnb
1965,NFL,Green Bay Packers,gnb
1964,NFL,Green Bay Packers,gnb
1963,NFL,Green Bay Packers,gnb
1962,NFL,Green Bay Packers,gnb
1961,NFL,Green Bay Packers,gnb
1960,NFL,Green Bay Packers,gnb
1959,NFL,Green Bay Packers,gnb
1958,NFL,Green Bay Packers,gnb
1957,NFL,Green Bay Packers,gnb
1956,NFL,Green Bay Packers,gnb
1955,NFL,Green Bay Packers,gnb
1954,NFL,Green Bay Packers,gnb
1953,NFL,Green Bay Packers,gnb
1952,NFL,Green Bay Packers,gnb
1951,NFL,Green Bay Packers,gnb
1950,NFL,Green Bay Packers,gnb
1949,NFL,Green Bay Packers,gnb
1948,NFL,Green Bay Packers,gnb
1947,NFL,Green Bay Packers,gnb
1946,NFL,Green Bay Packers,gnb
1945,NFL,Green Bay Packers,gnb
1944,NFL,Green Bay Packers,gnb
1943,NFL,Green Bay Packers,gnb
1942,NFL,Green Bay Packers,gnb
1941,NFL,Green Bay Packers,gnb
1940,NFL,Green Bay Packers,gnb
1939,NFL,Green Bay Packers,gnb
1938,NFL,Green Bay Packers,gnb
1937,NFL,Green Bay Packers,gnb
1936,NFL,Green Bay Packers,gnb
1935,NFL,Green Bay Packers,gnb
1934,NFL,Green Bay Packers,gnb
1933,NFL,Green Bay Packers,gnb
1932,NFL,Green Bay Packers,gnb
1931,NFL,Green Bay Packers,gnb
1930,NFL,Green Bay Packers,gnb
1929,NFL,Green Bay Packers,gnb
1928,NFL,Green Bay Packers,gnb
1927,NFL,Green Bay Packers,gnb
1926,NFL,Green Bay Packers,gnb
1925,NFL,Green Bay Packers,gnb
1924,NFL,Green Bay Packers,gnb
1923,NFL,Green Bay Packers,gnb
1922,NFL,Green Bay Packers,gnb
1921,APFA,Green Bay Packers,gnb
2015,NFL,Cleveland Browns,cle
2014,NFL,Cleveland Browns,cle
2013,NFL,Cleveland Browns,cle
2012,NFL,Cleveland Browns,cle
2011,NFL,Cleveland Browns,cle
2010,NFL,Cleveland Browns,cle
2009,NFL,Cleveland Browns,cle
2008,NFL,Cleveland Browns,cle
2007,NFL,Cleveland Browns,cle
2006,NFL,Cleveland Browns,cle
2005,NFL,Cleveland Browns,cle
2004,NFL,Cleveland Browns,cle
2003,NFL,Cleveland Browns,cle
2002,NFL,Cleveland Browns,cle
2001,NFL,Cleveland Browns,cle
2000,NFL,Cleveland Browns,cle
1999,NFL,Cleveland Browns,cle
1995,NFL,Cleveland Browns,cle
1994,NFL,Cleveland Browns,cle
1993,NFL,Cleveland Browns,cle
1992,NFL,Cleveland Browns,cle
1991,NFL,Cleveland Browns,cle
1990,NFL,Cleveland Browns,cle
1989,NFL,Cleveland Browns,cle
1988,NFL,Cleveland Browns,cle
1987,NFL,Cleveland Browns,cle
1986,NFL,Cleveland Browns,cle
1985,NFL,Cleveland Browns,cle
1984,NFL,Cleveland Browns,cle
1983,NFL,Cleveland Browns,cle
1982,NFL,Cleveland Browns,cle
1981,NFL,Cleveland Browns,cle
1980,NFL,Cleveland Browns,cle
1979,NFL,Cleveland Browns,cle
1978,NFL,Cleveland Browns,cle
1977,NFL,Cleveland Browns,cle
1976,NFL,Cleveland Browns,cle
1975,NFL,Cleveland Browns,cle
1974,NFL,Cleveland Browns,cle
1973,NFL,Cleveland Browns,cle
1972,NFL,Cleveland Browns,cle
1971,NFL,Cleveland Browns,cle
1970,NFL,Cleveland Browns,cle
1969,NFL,Cleveland Browns,cle
1968,NFL,Cleveland Browns,cle
1967,NFL,Cleveland Browns,cle
1966,NFL,Cleveland Browns,cle
1965,NFL,Cleveland Browns,cle
1964,NFL,Cleveland Browns,cle
1963,NFL,Cleveland Browns,cle
1962,NFL,Cleveland Browns,cle
1961,NFL,Cleveland Browns,cle
1960,NFL,Cleveland Browns,cle
1959,NFL,Cleveland Browns,cle
1958,NFL,Cleveland Browns,cle
1957,NFL,Cleveland Browns,cle
1956,NFL,Cleveland Browns,cle
1955,NFL,Cleveland Browns,cle
1954,NFL,Cleveland Browns,cle
1953,NFL,Cleveland Browns,cle
1952,NFL,Cleveland Browns,cle
1951,NFL,Cleveland Browns,cle
1950,NFL,Cleveland Browns,cle
1949,AAFC,Cleveland Browns,cle
1948,AAFC,Cleveland Browns,cle
1947,AAFC,Cleveland Browns,cle
1946,AAFC,Cleveland Browns,cle
1926,NFL,Canton Bulldogs,cbd
1925,NFL,Canton Bulldogs,cbd
1923,NFL,Canton Bulldogs,cbd
1922,NFL,Canton Bulldogs,cbd
1921,APFA,Canton Bulldogs,cbd
1920,APFA,Canton Bulldogs,cbd
1921,APFA,Cincinnati Celts,ccl
1922,NFL,Evansville Crimson Giants,ecg
1921,APFA,Evansville Crimson Giants,ecg
2015,NFL,Buffalo Bills,buf
2014,NFL,Buffalo Bills,buf
2013,NFL,Buffalo Bills,buf
2012,NFL,Buffalo Bills,buf
2011,NFL,Buffalo Bills,buf
2010,NFL,Buffalo Bills,buf
2009,NFL,Buffalo Bills,buf
2008,NFL,Buffalo Bills,buf
2007,NFL,Buffalo Bills,buf
2006,NFL,Buffalo Bills,buf
2005,NFL,Buffalo Bills,buf
2004,NFL,Buffalo Bills,buf
2003,NFL,Buffalo Bills,buf
2002,NFL,Buffalo Bills,buf
2001,NFL,Buffalo Bills,buf
2000,NFL,Buffalo Bills,buf
1999,NFL,Buffalo Bills,buf
1998,NFL,Buffalo Bills,buf
1997,NFL,Buffalo Bills,buf
1996,NFL,Buffalo Bills,buf
1995,NFL,Buffalo Bills,buf
1994,NFL,Buffalo Bills,buf
1993,NFL,Buffalo Bills,buf
1992,NFL,Buffalo Bills,buf
1991,NFL,Buffalo Bills,buf
1990,NFL,Buffalo Bills,buf
1989,NFL,Buffalo Bills,buf
1988,NFL,Buffalo Bills,buf
1987,NFL,Buffalo Bills,buf
1986,NFL,Buffalo Bills,buf
1985,NFL,Buffalo Bills,buf
1984,NFL,Buffalo Bills,buf
1983,NFL,Buffalo Bills,buf
1982,NFL,Buffalo Bills,buf
1981,NFL,Buffalo Bills,buf
1980,NFL,Buffalo Bills,buf
1979,NFL,Buffalo Bills,buf
1978,NFL,Buffalo Bills,buf
1977,NFL,Buffalo Bills,buf
1976,NFL,Buffalo Bills,buf
1975,NFL,Buffalo Bills,buf
1974,NFL,Buffalo Bills,buf
1973,NFL,Buffalo Bills,buf
1972,NFL,Buffalo Bills,buf
1971,NFL,Buffalo Bills,buf
1970,NFL,Buffalo Bills,buf
1969,AFL,Buffalo Bills,buf
1968,AFL,Buffalo Bills,buf
1967,AFL,Buffalo Bills,buf
1966,AFL,Buffalo Bills,buf
1965,AFL,Buffalo Bills,buf
1964,AFL,Buffalo Bills,buf
1963,AFL,Buffalo Bills,buf
1962,AFL,Buffalo Bills,buf
1961,AFL,Buffalo Bills,buf
1960,AFL,Buffalo Bills,buf
1949,AAFC,Buffalo Bills,bba
1948,AAFC,Buffalo Bills,bba
1947,AAFC,Buffalo Bills,bba
1946,AAFC,Buffalo Bisons,bba
2015,NFL,Houston Texans,htx
2014,NFL,Houston Texans,htx
2013,NFL,Houston Texans,htx
2012,NFL,Houston Texans,htx
2011,NFL,Houston Texans,htx
2010,NFL,Houston Texans,htx
2009,NFL,Houston Texans,htx
2008,NFL,Houston Texans,htx
2007,NFL,Houston Texans,htx
2006,NFL,Houston Texans,htx
2005,NFL,Houston Texans,htx
2004,NFL,Houston Texans,htx
2003,NFL,Houston Texans,htx
2002,NFL,Houston Texans,htx
1926,NFL,Louisville Colonels,lou
1923,NFL,Louisville Brecks,lou
1922,NFL,Louisville Brecks,lou
1921,APFA,Louisville Brecks,lou
2015,NFL,New Orleans Saints,nor
2014,NFL,New Orleans Saints,nor
2013,NFL,New Orleans Saints,nor
2012,NFL,New Orleans Saints,nor
2011,NFL,New Orleans Saints,nor
2010,NFL,New Orleans Saints,nor
2009,NFL,New Orleans Saints,nor
2008,NFL,New Orleans Saints,nor
2007,NFL,New Orleans Saints,nor
2006,NFL,New Orleans Saints,nor
2005,NFL,New Orleans Saints,nor
2004,NFL,New Orleans Saints,nor
2003,NFL,New Orleans Saints,nor
2002,NFL,New Orleans Saints,nor
2001,NFL,New Orleans Saints,nor
2000,NFL,New Orleans Saints,nor
1999,NFL,New Orleans Saints,nor
1998,NFL,New Orleans Saints,nor
1997,NFL,New Orleans Saints,nor
1996,NFL,New Orleans Saints,nor
1995,NFL,New Orleans Saints,nor
1994,NFL,New Orleans Saints,nor
1993,NFL,New Orleans Saints,nor
1992,NFL,New Orleans Saints,nor
1991,NFL,New Orleans Saints,nor
1990,NFL,New Orleans Saints,nor
1989,NFL,New Orleans Saints,nor
1988,NFL,New Orleans Saints,nor
1987,NFL,New Orleans Saints,nor
1986,NFL,New Orleans Saints,nor
1985,NFL,New Orleans Saints,nor
1984,NFL,New Orleans Saints,nor
1983,NFL,New Orleans Saints,nor
1982,NFL,New Orleans Saints,nor
1981,NFL,New Orleans Saints,nor
1980,NFL,New Orleans Saints,nor
1979,NFL,New Orleans Saints,nor
1978,NFL,New Orleans Saints,nor
1977,NFL,New Orleans Saints,nor
1976,NFL,New Orleans Saints,nor
1975,NFL,New Orleans Saints,nor
1974,NFL,New Orleans Saints,nor
1973,NFL,New Orleans Saints,nor
1972,NFL,New Orleans Saints,nor
1971,NFL,New Orleans Saints,nor
1970,NFL,New Orleans Saints,nor
1969,NFL,New Orleans Saints,nor
1968,NFL,New Orleans Saints,nor
1967,NFL,New Orleans Saints,nor
1920,APFA,Chicago Tigers,cht
1927,NFL,Cleveland Bulldogs,cib
1925,NFL,Cleveland Bulldogs,cib
1924,NFL,Cleveland Bulldogs,cib
1923,NFL,Cleveland Indians,cib
2015,NFL,Cincinnati Bengals,cin
2014,NFL,Cincinnati Bengals,cin
2013,NFL,Cincinnati Bengals,cin
2012,NFL,Cincinnati Bengals,cin
2011,NFL,Cincinnati Bengals,cin
2010,NFL,Cincinnati Bengals,cin
2009,NFL,Cincinnati Bengals,cin
2008,NFL,Cincinnati Bengals,cin
2007,NFL,Cincinnati Bengals,cin
2006,NFL,Cincinnati Bengals,cin
2005,NFL,Cincinnati Bengals,cin
2004,NFL,Cincinnati Bengals,cin
2003,NFL,Cincinnati Bengals,cin
2002,NFL,Cincinnati Bengals,cin
2001,NFL,Cincinnati Bengals,cin
2000,NFL,Cincinnati Bengals,cin
1999,NFL,Cincinnati Bengals,cin
1998,NFL,Cincinnati Bengals,cin
1997,NFL,Cincinnati Bengals,cin
1996,NFL,Cincinnati Bengals,cin
1995,NFL,Cincinnati Bengals,cin
1994,NFL,Cincinnati Bengals,cin
1993,NFL,Cincinnati Bengals,cin
1992,NFL,Cincinnati Bengals,cin
1991,NFL,Cincinnati Bengals,cin
1990,NFL,Cincinnati Bengals,cin
1989,NFL,Cincinnati Bengals,cin
1988,NFL,Cincinnati Bengals,cin
1987,NFL,Cincinnati Bengals,cin
1986,NFL,Cincinnati Bengals,cin
1985,NFL,Cincinnati Bengals,cin
1984,NFL,Cincinnati Bengals,cin
1983,NFL,Cincinnati Bengals,cin
1982,NFL,Cincinnati Bengals,cin
1981,NFL,Cincinnati Bengals,cin
1980,NFL,Cincinnati Bengals,cin
1979,NFL,Cincinnati Bengals,cin
1978,NFL,Cincinnati Bengals,cin
1977,NFL,Cincinnati Bengals,cin
1976,NFL,Cincinnati Bengals,cin
1975,NFL,Cincinnati Bengals,cin
1974,NFL,Cincinnati Bengals,cin
1973,NFL,Cincinnati Bengals,cin
1972,NFL,Cincinnati Bengals,cin
1971,NFL,Cincinnati Bengals,cin
1970,NFL,Cincinnati Bengals,cin
1969,AFL,Cincinnati Bengals,cin
1968,AFL,Cincinnati Bengals,cin
2015,NFL,San Francisco 49ers,sfo
2014,NFL,San Francisco 49ers,sfo
2013,NFL,San Francisco 49ers,sfo
2012,NFL,San Francisco 49ers,sfo
2011,NFL,San Francisco 49ers,sfo
2010,NFL,San Francisco 49ers,sfo
2009,NFL,San Francisco 49ers,sfo
2008,NFL,San Francisco 49ers,sfo
2007,NFL,San Francisco 49ers,sfo
2006,NFL,San Francisco 49ers,sfo
2005,NFL,San Francisco 49ers,sfo
2004,NFL,San Francisco 49ers,sfo
2003,NFL,San Francisco 49ers,sfo
2002,NFL,San Francisco 49ers,sfo
2001,NFL,San Francisco 49ers,sfo
2000,NFL,San Francisco 49ers,sfo
1999,NFL,San Francisco 49ers,sfo
1998,NFL,San Francisco 49ers,sfo
1997,NFL,San Francisco 49ers,sfo
1996,NFL,San Francisco 49ers,sfo
1995,NFL,San Francisco 49ers,sfo
1994,NFL,San Francisco 49ers,sfo
1993,NFL,San Francisco 49ers,sfo
1992,NFL,San Francisco 49ers,sfo
1991,NFL,San Francisco 49ers,sfo
1990,NFL,San Francisco 49ers,sfo
1989,NFL,San Francisco 49ers,sfo
1988,NFL,San Francisco 49ers,sfo
1987,NFL,San Francisco 49ers,sfo
1986,NFL,San Francisco 49ers,sfo
1985,NFL,San Francisco 49ers,sfo
1984,NFL,San Francisco 49ers,sfo
1983,NFL,San Francisco 49ers,sfo
1982,NFL,San Francisco 49ers,sfo
1981,NFL,San Francisco 49ers,sfo
1980,NFL,San Francisco 49ers,sfo
1979,NFL,San Francisco 49ers,sfo
1978,NFL,San Francisco 49ers,sfo
1977,NFL,San Francisco 49ers,sfo
1976,NFL,San Francisco 49ers,sfo
1975,NFL,San Francisco 49ers,sfo
1974,NFL,San Francisco 49ers,sfo
1973,NFL,San Francisco 49ers,sfo
1972,NFL,San Francisco 49ers,sfo
1971,NFL,San Francisco 49ers,sfo
1970,NFL,San Francisco 49ers,sfo
1969,NFL,San Francisco 49ers,sfo
1968,NFL,San Francisco 49ers,sfo
1967,NFL,San Francisco 49ers,sfo
1966,NFL,San Francisco 49ers,sfo
1965,NFL,San Francisco 49ers,sfo
1964,NFL,San Francisco 49ers,sfo
1963,NFL,San Francisco 49ers,sfo
1962,NFL,San Francisco 49ers,sfo
1961,NFL,San Francisco 49ers,sfo
1960,NFL,San Francisco 49ers,sfo
1959,NFL,San Francisco 49ers,sfo
1958,NFL,San Francisco 49ers,sfo
1957,NFL,San Francisco 49ers,sfo
1956,NFL,San Francisco 49ers,sfo
1955,NFL,San Francisco 49ers,sfo
1954,NFL,San Francisco 49ers,sfo
1953,NFL,San Francisco 49ers,sfo
1952,NFL,San Francisco 49ers,sfo
1951,NFL,San Francisco 49ers,sfo
1950,NFL,San Francisco 49ers,sfo
1949,AAFC,San Francisco 49ers,sfo
1948,AAFC,San Francisco 49ers,sfo
1947,AAFC,San Francisco 49ers,sfo
1946,AAFC,San Francisco 49ers,sfo
1929,NFL,Boston Bulldogs,ptb
1928,NFL,Pottsville Maroons,ptb
1927,NFL,Pottsville Maroons,ptb
1926,NFL,Pottsville Maroons,ptb
1925,NFL,Pottsville Maroons,ptb
1926,NFL,Brooklyn Lions,brl
1926,NFL,Hartford Blues,hrt
1926,NFL,Akron Indians,akr
1925,NFL,Akron Pros,akr
1924,NFL,Akron Pros,akr
1923,NFL,Akron Pros,akr
1922,NFL,Akron Pros,akr
1921,APFA,Akron Pros,akr
1920,APFA,Akron Pros,akr
2015,NFL,Kansas City Chiefs,kan
2014,NFL,Kansas City Chiefs,kan
2013,NFL,Kansas City Chiefs,kan
2012,NFL,Kansas City Chiefs,kan
2011,NFL,Kansas City Chiefs,kan
2010,NFL,Kansas City Chiefs,kan
2009,NFL,Kansas City Chiefs,kan
2008,NFL,Kansas City Chiefs,kan
2007,NFL,Kansas City Chiefs,kan
2006,NFL,Kansas City Chiefs,kan
2005,NFL,Kansas City Chiefs,kan
2004,NFL,Kansas City Chiefs,kan
2003,NFL,Kansas City Chiefs,kan
2002,NFL,Kansas City Chiefs,kan
2001,NFL,Kansas City Chiefs,kan
2000,NFL,Kansas City Chiefs,kan
1999,NFL,Kansas City Chiefs,kan
1998,NFL,Kansas City Chiefs,kan
1997,NFL,Kansas City Chiefs,kan
1996,NFL,Kansas City Chiefs,kan
1995,NFL,Kansas City Chiefs,kan
1994,NFL,Kansas City Chiefs,kan
1993,NFL,Kansas City Chiefs,kan
1992,NFL,Kansas City Chiefs,kan
1991,NFL,Kansas City Chiefs,kan
1990,NFL,Kansas City Chiefs,kan
1989,NFL,Kansas City Chiefs,kan
1988,NFL,Kansas City Chiefs,kan
1987,NFL,Kansas City Chiefs,kan
1986,NFL,Kansas City Chiefs,kan
1985,NFL,Kansas City Chiefs,kan
1984,NFL,Kansas City Chiefs,kan
1983,NFL,Kansas City Chiefs,kan
1982,NFL,Kansas City Chiefs,kan
1981,NFL,Kansas City Chiefs,kan
1980,NFL,Kansas City Chiefs,kan
1979,NFL,Kansas City Chiefs,kan
1978,NFL,Kansas City Chiefs,kan
1977,NFL,Kansas City Chiefs,kan
1976,NFL,Kansas City Chiefs,kan
1975,NFL,Kansas City Chiefs,kan
1974,NFL,Kansas City Chiefs,kan
1973,NFL,Kansas City Chiefs,kan
1972,NFL,Kansas City Chiefs,kan
1971,NFL,Kansas City Chiefs,kan
1970,NFL,Kansas City Chiefs,kan
1969,AFL,Kansas City Chiefs,kan
1968,AFL,Kansas City Chiefs,kan
1967,AFL,Kansas City Chiefs,kan
1966,AFL,Kansas City Chiefs,kan
1965,AFL,Kansas City Chiefs,kan
1964,AFL,Kansas City Chiefs,kan
1963,AFL,Kansas City Chiefs,kan
1962,AFL,Dallas Texans,kan
1961,AFL,Dallas Texans,kan
1960,AFL,Dallas Texans,kan
1921,APFA,Muncie Flyers,mun
1920,APFA,Muncie Flyers,mun
2015,NFL,Tampa Bay Buccaneers,tam
2014,NFL,Tampa Bay Buccaneers,tam
2013,NFL,Tampa Bay Buccaneers,tam
2012,NFL,Tampa Bay Buccaneers,tam
2011,NFL,Tampa Bay Buccaneers,tam
2010,NFL,Tampa Bay Buccaneers,tam
2009,NFL,Tampa Bay Buccaneers,tam
2008,NFL,Tampa Bay Buccaneers,tam
2007,NFL,Tampa Bay Buccaneers,tam
2006,NFL,Tampa Bay Buccaneers,tam
2005,NFL,Tampa Bay Buccaneers,tam
2004,NFL,Tampa Bay Buccaneers,tam
2003,NFL,Tampa Bay Buccaneers,tam
2002,NFL,Tampa Bay Buccaneers,tam
2001,NFL,Tampa Bay Buccaneers,tam
2000,NFL,Tampa Bay Buccaneers,tam
1999,NFL,Tampa Bay Buccaneers,tam
1998,NFL,Tampa Bay Buccaneers,tam
1997,NFL,Tampa Bay Buccaneers,tam
1996,NFL,Tampa Bay Buccaneers,tam
1995,NFL,Tampa Bay Buccaneers,tam
1994,NFL,Tampa Bay Buccaneers,tam
1993,NFL,Tampa Bay Buccaneers,tam
1992,NFL,Tampa Bay Buccaneers,tam
1991,NFL,Tampa Bay Buccaneers,tam
1990,NFL,Tampa Bay Buccaneers,tam
1989,NFL,Tampa Bay Buccaneers,tam
1988,NFL,Tampa Bay Buccaneers,tam
1987,NFL,Tampa Bay Buccaneers,tam
1986,NFL,Tampa Bay Buccaneers,tam
1985,NFL,Tampa Bay Buccaneers,tam
1984,NFL,Tampa Bay Buccaneers,tam
1983,NFL,Tampa Bay Buccaneers,tam
1982,NFL,Tampa Bay Buccaneers,tam
1981,NFL,Tampa Bay Buccaneers,tam
1980,NFL,Tampa Bay Buccaneers,tam
1979,NFL,Tampa Bay Buccaneers,tam
1978,NFL,Tampa Bay Buccaneers,tam
1977,NFL,Tampa Bay Buccaneers,tam
1976,NFL,Tampa Bay Buccaneers,tam
1931,NFL,Cleveland Indians,cli
2015,NFL,New York Giants,nyg
2014,NFL,New York Giants,nyg
2013,NFL,New York Giants,nyg
2012,NFL,New York Giants,nyg
2011,NFL,New York Giants,nyg
2010,NFL,New York Giants,nyg
2009,NFL,New York Giants,nyg
2008,NFL,New York Giants,nyg
2007,NFL,New York Giants,nyg
2006,NFL,New York Giants,nyg
2005,NFL,New York Giants,nyg
2004,NFL,New York Giants,nyg
2003,NFL,New York Giants,nyg
2002,NFL,New York Giants,nyg
2001,NFL,New York Giants,nyg
2000,NFL,New York Giants,nyg
1999,NFL,New York Giants,nyg
1998,NFL,New York Giants,nyg
1997,NFL,New York Giants,nyg
1996,NFL,New York Giants,nyg
1995,NFL,New York Giants,nyg
1994,NFL,New York Giants,nyg
1993,NFL,New York Giants,nyg
1992,NFL,New York Giants,nyg
1991,NFL,New York Giants,nyg
1990,NFL,New York Giants,nyg
1989,NFL,New York Giants,nyg
1988,NFL,New York Giants,nyg
1987,NFL,New York Giants,nyg
1986,NFL,New York Giants,nyg
1985,NFL,New York Giants,nyg
1984,NFL,New York Giants,nyg
1983,NFL,New York Giants,nyg
1982,NFL,New York Giants,nyg
1981,NFL,New York Giants,nyg
1980,NFL,New York Giants,nyg
1979,NFL,New York Giants,nyg
1978,NFL,New York Giants,nyg
1977,NFL,New York Giants,nyg
1976,NFL,New York Giants,nyg
1975,NFL,New York Giants,nyg
1974,NFL,New York Giants,nyg
1973,NFL,New York Giants,nyg
1972,NFL,New York Giants,nyg
1971,NFL,New York Giants,nyg
1970,NFL,New York Giants,nyg
1969,NFL,New York Giants,nyg
1968,NFL,New York Giants,nyg
1967,NFL,New York Giants,nyg
1966,NFL,New York Giants,nyg
1965,NFL,New York Giants,nyg
1964,NFL,New York Giants,nyg
1963,NFL,New York Giants,nyg
1962,NFL,New York Giants,nyg
1961,NFL,New York Giants,nyg
1960,NFL,New York Giants,nyg
1959,NFL,New York Giants,nyg
1958,NFL,New York Giants,nyg
1957,NFL,New York Giants,nyg
1956,NFL,New York Giants,nyg
1955,NFL,New York Giants,nyg
1954,NFL,New York Giants,nyg
1953,NFL,New York Giants,nyg
1952,NFL,New York Giants,nyg
1951,NFL,New York Giants,nyg
1950,NFL,New York Giants,nyg
1949,NFL,New York Giants,nyg
1948,NFL,New York Giants,nyg
1947,NFL,New York Giants,nyg
1946,NFL,New York Giants,nyg
1945,NFL,New York Giants,nyg
1944,NFL,New York Giants,nyg
1943,NFL,New York Giants,nyg
1942,NFL,New York Giants,nyg
1941,NFL,New York Giants,nyg
1940,NFL,New York Giants,nyg
1939,NFL,New York Giants,nyg
1938,NFL,New York Giants,nyg
1937,NFL,New York Giants,nyg
1936,NFL,New York Giants,nyg
1935,NFL,New York Giants,nyg
1934,NFL,New York Giants,nyg
1933,NFL,New York Giants,nyg
1932,NFL,New York Giants,nyg
1931,NFL,New York Giants,nyg
1930,NFL,New York Giants,nyg
1929,NFL,New York Giants,nyg
1928,NFL,New York Giants,nyg
1927,NFL,New York Giants,nyg
1926,NFL,New York Giants,nyg
1925,NFL,New York Giants,nyg
1928,NFL,New York Yankees,nya
1927,NFL,New York Yankees,nya
1949,AAFC,New York Yankees,naa
1948,AAFC,New York Yankees,naa
1947,AAFC,New York Yankees,naa
1946,AAFC,New York Yankees,naa
1924,NFL,Kenosha Maroons,ken
1928,NFL,Detroit Wolverines,dwl
2015,NFL,Miami Dolphins,mia
2014,NFL,Miami Dolphins,mia
2013,NFL,Miami Dolphins,mia
2012,NFL,Miami Dolphins,mia
2011,NFL,Miami Dolphins,mia
2010,NFL,Miami Dolphins,mia
2009,NFL,Miami Dolphins,mia
2008,NFL,Miami Dolphins,mia
2007,NFL,Miami Dolphins,mia
2006,NFL,Miami Dolphins,mia
2005,NFL,Miami Dolphins,mia
2004,NFL,Miami Dolphins,mia
2003,NFL,Miami Dolphins,mia
2002,NFL,Miami Dolphins,mia
2001,NFL,Miami Dolphins,mia
2000,NFL,Miami Dolphins,mia
1999,NFL,Miami Dolphins,mia
1998,NFL,Miami Dolphins,mia
1997,NFL,Miami Dolphins,mia
1996,NFL,Miami Dolphins,mia
1995,NFL,Miami Dolphins,mia
1994,NFL,Miami Dolphins,mia
1993,NFL,Miami Dolphins,mia
1992,NFL,Miami Dolphins,mia
1991,NFL,Miami Dolphins,mia
1990,NFL,Miami Dolphins,mia
1989,NFL,Miami Dolphins,mia
1988,NFL,Miami Dolphins,mia
1987,NFL,Miami Dolphins,mia
1986,NFL,Miami Dolphins,mia
1985,NFL,Miami Dolphins,mia
1984,NFL,Miami Dolphins,mia
1983,NFL,Miami Dolphins,mia
1982,NFL,Miami Dolphins,mia
1981,NFL,Miami Dolphins,mia
1980,NFL,Miami Dolphins,mia
1979,NFL,Miami Dolphins,mia
1978,NFL,Miami Dolphins,mia
1977,NFL,Miami Dolphins,mia
1976,NFL,Miami Dolphins,mia
1975,NFL,Miami Dolphins,mia
1974,NFL,Miami Dolphins,mia
1973,NFL,Miami Dolphins,mia
1972,NFL,Miami Dolphins,mia
1971,NFL,Miami Dolphins,mia
1970,NFL,Miami Dolphins,mia
1969,AFL,Miami Dolphins,mia
1968,AFL,Miami Dolphins,mia
1967,AFL,Miami Dolphins,mia
1966,AFL,Miami Dolphins,mia
2015,NFL,St. Louis Rams,ram
2014,NFL,St. Louis Rams,ram
2013,NFL,St. Louis Rams,ram
2012,NFL,St. Louis Rams,ram
2011,NFL,St. Louis Rams,ram
2010,NFL,St. Louis Rams,ram
2009,NFL,St. Louis Rams,ram
2008,NFL,St. Louis Rams,ram
2007,NFL,St. Louis Rams,ram
2006,NFL,St. Louis Rams,ram
2005,NFL,St. Louis Rams,ram
2004,NFL,St. Louis Rams,ram
2003,NFL,St. Louis Rams,ram
2002,NFL,St. Louis Rams,ram
2001,NFL,St. Louis Rams,ram
2000,NFL,St. Louis Rams,ram
1999,NFL,St. Louis Rams,ram
1998,NFL,St. Louis Rams,ram
1997,NFL,St. Louis Rams,ram
1996,NFL,St. Louis Rams,ram
1995,NFL,St. Louis Rams,ram
1994,NFL,Los Angeles Rams,ram
1993,NFL,Los Angeles Rams,ram
1992,NFL,Los Angeles Rams,ram
1991,NFL,Los Angeles Rams,ram
1990,NFL,Los Angeles Rams,ram
1989,NFL,Los Angeles Rams,ram
1988,NFL,Los Angeles Rams,ram
1987,NFL,Los Angeles Rams,ram
1986,NFL,Los Angeles Rams,ram
1985,NFL,Los Angeles Rams,ram
1984,NFL,Los Angeles Rams,ram
1983,NFL,Los Angeles Rams,ram
1982,NFL,Los Angeles Rams,ram
1981,NFL,Los Angeles Rams,ram
1980,NFL,Los Angeles Rams,ram
1979,NFL,Los Angeles Rams,ram
1978,NFL,Los Angeles Rams,ram
1977,NFL,Los Angeles Rams,ram
1976,NFL,Los Angeles Rams,ram
1975,NFL,Los Angeles Rams,ram
1974,NFL,Los Angeles Rams,ram
1973,NFL,Los Angeles Rams,ram
1972,NFL,Los Angeles Rams,ram
1971,NFL,Los Angeles Rams,ram
1970,NFL,Los Angeles Rams,ram
1969,NFL,Los Angeles Rams,ram
1968,NFL,Los Angeles Rams,ram
1967,NFL,Los Angeles Rams,ram
1966,NFL,Los Angeles Rams,ram
1965,NFL,Los Angeles Rams,ram
1964,NFL,Los Angeles Rams,ram
1963,NFL,Los Angeles Rams,ram
1962,NFL,Los Angeles Rams,ram
1961,NFL,Los Angeles Rams,ram
1960,NFL,Los Angeles Rams,ram
1959,NFL,Los Angeles Rams,ram
1958,NFL,Los Angeles Rams,ram
1957,NFL,Los Angeles Rams,ram
1956,NFL,Los Angeles Rams,ram
1955,NFL,Los Angeles Rams,ram
1954,NFL,Los Angeles Rams,ram
1953,NFL,Los Angeles Rams,ram
1952,NFL,Los Angeles Rams,ram
1951,NFL,Los Angeles Rams,ram
1950,NFL,Los Angeles Rams,ram
1949,NFL,Los Angeles Rams,ram
1948,NFL,Los Angeles Rams,ram
1947,NFL,Los Angeles Rams,ram
1946,NFL,Los Angeles Rams,ram
1945,NFL,Cleveland Rams,ram
1944,NFL,Cleveland Rams,ram
1942,NFL,Cleveland Rams,ram
1941,NFL,Cleveland Rams,ram
1940,NFL,Cleveland Rams,ram
1939,NFL,Cleveland Rams,ram
1938,NFL,Cleveland Rams,ram
1937,NFL,Cleveland Rams,ram
2015,NFL,Chicago Bears,chi
2014,NFL,Chicago Bears,chi
2013,NFL,Chicago Bears,chi
2012,NFL,Chicago Bears,chi
2011,NFL,Chicago Bears,chi
2010,NFL,Chicago Bears,chi
2009,NFL,Chicago Bears,chi
2008,NFL,Chicago Bears,chi
2007,NFL,Chicago Bears,chi
2006,NFL,Chicago Bears,chi
2005,NFL,Chicago Bears,chi
2004,NFL,Chicago Bears,chi
2003,NFL,Chicago Bears,chi
2002,NFL,Chicago Bears,chi
2001,NFL,Chicago Bears,chi
2000,NFL,Chicago Bears,chi
1999,NFL,Chicago Bears,chi
1998,NFL,Chicago Bears,chi
1997,NFL,Chicago Bears,chi
1996,NFL,Chicago Bears,chi
1995,NFL,Chicago Bears,chi
1994,NFL,Chicago Bears,chi
1993,NFL,Chicago Bears,chi
1992,NFL,Chicago Bears,chi
1991,NFL,Chicago Bears,chi
1990,NFL,Chicago Bears,chi
1989,NFL,Chicago Bears,chi
1988,NFL,Chicago Bears,chi
1987,NFL,Chicago Bears,chi
1986,NFL,Chicago Bears,chi
1985,NFL,Chicago Bears,chi
1984,NFL,Chicago Bears,chi
1983,NFL,Chicago Bears,chi
1982,NFL,Chicago Bears,chi
1981,NFL,Chicago Bears,chi
1980,NFL,Chicago Bears,chi
1979,NFL,Chicago Bears,chi
1978,NFL,Chicago Bears,chi
1977,NFL,Chicago Bears,chi
1976,NFL,Chicago Bears,chi
1975,NFL,Chicago Bears,chi
1974,NFL,Chicago Bears,chi
1973,NFL,Chicago Bears,chi
1972,NFL,Chicago Bears,chi
1971,NFL,Chicago Bears,chi
1970,NFL,Chicago Bears,chi
1969,NFL,Chicago Bears,chi
1968,NFL,Chicago Bears,chi
1967,NFL,Chicago Bears,chi
1966,NFL,Chicago Bears,chi
1965,NFL,Chicago Bears,chi
1964,NFL,Chicago Bears,chi
1963,NFL,Chicago Bears,chi
1962,NFL,Chicago Bears,chi
1961,NFL,Chicago Bears,chi
1960,NFL,Chicago Bears,chi
1959,NFL,Chicago Bears,chi
1958,NFL,Chicago Bears,chi
1957,NFL,Chicago Bears,chi
1956,NFL,Chicago Bears,chi
1955,NFL,Chicago Bears,chi
1954,NFL,Chicago Bears,chi
1953,NFL,Chicago Bears,chi
1952,NFL,Chicago Bears,chi
1951,NFL,Chicago Bears,chi
1950,NFL,Chicago Bears,chi
1949,NFL,Chicago Bears,chi
1948,NFL,Chicago Bears,chi
1947,NFL,Chicago Bears,chi
1946,NFL,Chicago Bears,chi
1945,NFL,Chicago Bears,chi
1944,NFL,Chicago Bears,chi
1943,NFL,Chicago Bears,chi
1942,NFL,Chicago Bears,chi
1941,NFL,Chicago Bears,chi
1940,NFL,Chicago Bears,chi
1939,NFL,Chicago Bears,chi
1938,NFL,Chicago Bears,chi
1937,NFL,Chicago Bears,chi
1936,NFL,Chicago Bears,chi
1935,NFL,Chicago Bears,chi
1934,NFL,Chicago Bears,chi
1933,NFL,Chicago Bears,chi
1932,NFL,Chicago Bears,chi
1931,NFL,Chicago Bears,chi
1930,NFL,Chicago Bears,chi
1929,NFL,Chicago Bears,chi
1928,NFL,Chicago Bears,chi
1927,NFL,Chicago Bears,chi
1926,NFL,Chicago Bears,chi
1925,NFL,Chicago Bears,chi
1924,NFL,Chicago Bears,chi
1923,NFL,Chicago Bears,chi
1922,NFL,Chicago Bears,chi
1921,APFA,Chicago Staleys,chi
1920,APFA,Decatur Staleys,chi
2015,NFL,Oakland Raiders,rai
2014,NFL,Oakland Raiders,rai
2013,NFL,Oakland Raiders,rai
2012,NFL,Oakland Raiders,rai
2011,NFL,Oakland Raiders,rai
2010,NFL,Oakland Raiders,rai
2009,NFL,Oakland Raiders,rai
2008,NFL,Oakland Raiders,rai
2007,NFL,Oakland Raiders,rai
2006,NFL,Oakland Raiders,rai
2005,NFL,Oakland Raiders,rai
2004,NFL,Oakland Raiders,rai
2003,NFL,Oakland Raiders,rai
2002,NFL,Oakland Raiders,rai
2001,NFL,Oakland Raiders,rai
2000,NFL,Oakland Raiders,rai
1999,NFL,Oakland Raiders,rai
1998,NFL,Oakland Raiders,rai
1997,NFL,Oakland Raiders,rai
1996,NFL,Oakland Raiders,rai
1995,NFL,Oakland Raiders,rai
1994,NFL,Los Angeles Raiders,rai
1993,NFL,Los Angeles Raiders,rai
1992,NFL,Los Angeles Raiders,rai
1991,NFL,Los Angeles Raiders,rai
1990,NFL,Los Angeles Raiders,rai
1989,NFL,Los Angeles Raiders,rai
1988,NFL,Los Angeles Raiders,rai
1987,NFL,Los Angeles Raiders,rai
1986,NFL,Los Angeles Raiders,rai
1985,NFL,Los Angeles Raiders,rai
1984,NFL,Los Angeles Raiders,rai
1983,NFL,Los Angeles Raiders,rai
1982,NFL,Los Angeles Raiders,rai
1981,NFL,Oakland Raiders,rai
1980,NFL,Oakland Raiders,rai
1979,NFL,Oakland Raiders,rai
1978,NFL,Oakland Raiders,rai
1977,NFL,Oakland Raiders,rai
1976,NFL,Oakland Raiders,rai
1975,NFL,Oakland Raiders,rai
1974,NFL,Oakland Raiders,rai
1973,NFL,Oakland Raiders,rai
1972,NFL,Oakland Raiders,rai
1971,NFL,Oakland Raiders,rai
1970,NFL,Oakland Raiders,rai
1969,AFL,Oakland Raiders,rai
1968,AFL,Oakland Raiders,rai
1967,AFL,Oakland Raiders,rai
1966,AFL,Oakland Raiders,rai
1965,AFL,Oakland Raiders,rai
1964,AFL,Oakland Raiders,rai
1963,AFL,Oakland Raiders,rai
1962,AFL,Oakland Raiders,rai
1961,AFL,Oakland Raiders,rai
1960,AFL,Oakland Raiders,rai
2015,NFL,Philadelphia Eagles,phi
2014,NFL,Philadelphia Eagles,phi
2013,NFL,Philadelphia Eagles,phi
2012,NFL,Philadelphia Eagles,phi
2011,NFL,Philadelphia Eagles,phi
2010,NFL,Philadelphia Eagles,phi
2009,NFL,Philadelphia Eagles,phi
2008,NFL,Philadelphia Eagles,phi
2007,NFL,Philadelphia Eagles,phi
2006,NFL,Philadelphia Eagles,phi
2005,NFL,Philadelphia Eagles,phi
2004,NFL,Philadelphia Eagles,phi
2003,NFL,Philadelphia Eagles,phi
2002,NFL,Philadelphia Eagles,phi
2001,NFL,Philadelphia Eagles,phi
2000,NFL,Philadelphia Eagles,phi
1999,NFL,Philadelphia Eagles,phi
1998,NFL,Philadelphia Eagles,phi
1997,NFL,Philadelphia Eagles,phi
1996,NFL,Philadelphia Eagles,phi
1995,NFL,Philadelphia Eagles,phi
1994,NFL,Philadelphia Eagles,phi
1993,NFL,Philadelphia Eagles,phi
1992,NFL,Philadelphia Eagles,phi
1991,NFL,Philadelphia Eagles,phi
1990,NFL,Philadelphia Eagles,phi
1989,NFL,Philadelphia Eagles,phi
1988,NFL,Philadelphia Eagles,phi
1987,NFL,Philadelphia Eagles,phi
1986,NFL,Philadelphia Eagles,phi
1985,NFL,Philadelphia Eagles,phi
1984,NFL,Philadelphia Eagles,phi
1983,NFL,Philadelphia Eagles,phi
1982,NFL,Philadelphia Eagles,phi
1981,NFL,Philadelphia Eagles,phi
1980,NFL,Philadelphia Eagles,phi
1979,NFL,Philadelphia Eagles,phi
1978,NFL,Philadelphia Eagles,phi
1977,NFL,Philadelphia Eagles,phi
1976,NFL,Philadelphia Eagles,phi
1975,NFL,Philadelphia Eagles,phi
1974,NFL,Philadelphia Eagles,phi
1973,NFL,Philadelphia Eagles,phi
1972,NFL,Philadelphia Eagles,phi
1971,NFL,Philadelphia Eagles,phi
1970,NFL,Philadelphia Eagles,phi
1969,NFL,Philadelphia Eagles,phi
1968,NFL,Philadelphia Eagles,phi
1967,NFL,Philadelphia Eagles,phi
1966,NFL,Philadelphia Eagles,phi
1965,NFL,Philadelphia Eagles,phi
1964,NFL,Philadelphia Eagles,phi
1963,NFL,Philadelphia Eagles,phi
1962,NFL,Philadelphia Eagles,phi
1961,NFL,Philadelphia Eagles,phi
1960,NFL,Philadelphia Eagles,phi
1959,NFL,Philadelphia Eagles,phi
1958,NFL,Philadelphia Eagles,phi
1957,NFL,Philadelphia Eagles,phi
1956,NFL,Philadelphia Eagles,phi
1955,NFL,Philadelphia Eagles,phi
1954,NFL,Philadelphia Eagles,phi
1953,NFL,Philadelphia Eagles,phi
1952,NFL,Philadelphia Eagles,phi
1951,NFL,Philadelphia Eagles,phi
1950,NFL,Philadelphia Eagles,phi
1949,NFL,Philadelphia Eagles,phi
1948,NFL,Philadelphia Eagles,phi
1947,NFL,Philadelphia Eagles,phi
1946,NFL,Philadelphia Eagles,phi
1945,NFL,Philadelphia Eagles,phi
1944,NFL,Philadelphia Eagles,phi
1943,NFL,Phi/Pit Eagles/Steelers,phi
1942,NFL,Philadelphia Eagles,phi
1941,NFL,Philadelphia Eagles,phi
1940,NFL,Philadelphia Eagles,phi
1939,NFL,Philadelphia Eagles,phi
1938,NFL,Philadelphia Eagles,phi
1937,NFL,Philadelphia Eagles,phi
1936,NFL,Philadelphia Eagles,phi
1935,NFL,Philadelphia Eagles,phi
1934,NFL,Philadelphia Eagles,phi
1933,NFL,Philadelphia Eagles,phi
1926,NFL,Hammond Pros,ham
1925,NFL,Hammond Pros,ham
1924,NFL,Hammond Pros,ham
1923,NFL,Hammond Pros,ham
1922,NFL,Hammond Pros,ham
1921,APFA,Hammond Pros,ham
1920,APFA,Hammond Pros,ham
1927,NFL,Duluth Eskimos,dul
1926,NFL,Duluth Eskimos,dul
1925,NFL,Duluth Kelleys,dul
1924,NFL,Duluth Kelleys,dul
1923,NFL,Duluth Kelleys,dul
1944,NFL,Brooklyn Tigers,bkn
1943,NFL,Brooklyn Dodgers,bkn
1942,NFL,Brooklyn Dodgers,bkn
1941,NFL,Brooklyn Dodgers,bkn
1940,NFL,Brooklyn Dodgers,bkn
1939,NFL,Brooklyn Dodgers,bkn
1938,NFL,Brooklyn Dodgers,bkn
1937,NFL,Brooklyn Dodgers,bkn
1936,NFL,Brooklyn Dodgers,bkn
1935,NFL,Brooklyn Dodgers,bkn
1934,NFL,Brooklyn Dodgers,bkn
1933,NFL,Brooklyn Dodgers,bkn
1932,NFL,Brooklyn Dodgers,bkn
1931,NFL,Brooklyn Dodgers,bkn
1930,NFL,Brooklyn Dodgers,bkn
1925,NFL,Rochester Jeffersons,rch
1924,NFL,Rochester Jeffersons,rch
1923,NFL,Rochester Jeffersons,rch
1922,NFL,Rochester Jeffersons,rch
1921,APFA,Rochester Jeffersons,rch
1920,APFA,Rochester Jeffersons,rch
1946,AAFC,Miami Seahawks,msa
2015,NFL,New England Patriots,nwe
2014,NFL,New England Patriots,nwe
2013,NFL,New England Patriots,nwe
2012,NFL,New England Patriots,nwe
2011,NFL,New England Patriots,nwe
2010,NFL,New England Patriots,nwe
2009,NFL,New England Patriots,nwe
2008,NFL,New England Patriots,nwe
2007,NFL,New England Patriots,nwe
2006,NFL,New England Patriots,nwe
2005,NFL,New England Patriots,nwe
2004,NFL,New England Patriots,nwe
2003,NFL,New England Patriots,nwe
2002,NFL,New England Patriots,nwe
2001,NFL,New England Patriots,nwe
2000,NFL,New England Patriots,nwe
1999,NFL,New England Patriots,nwe
1998,NFL,New England Patriots,nwe
1997,NFL,New England Patriots,nwe
1996,NFL,New England Patriots,nwe
1995,NFL,New England Patriots,nwe
1994,NFL,New England Patriots,nwe
1993,NFL,New England Patriots,nwe
1992,NFL,New England Patriots,nwe
1991,NFL,New England Patriots,nwe
1990,NFL,New England Patriots,nwe
1989,NFL,New England Patriots,nwe
1988,NFL,New England Patriots,nwe
1987,NFL,New England Patriots,nwe
1986,NFL,New England Patriots,nwe
1985,NFL,New England Patriots,nwe
1984,NFL,New England Patriots,nwe
1983,NFL,New England Patriots,nwe
1982,NFL,New England Patriots,nwe
1981,NFL,New England Patriots,nwe
1980,NFL,New England Patriots,nwe
1979,NFL,New England Patriots,nwe
1978,NFL,New England Patriots,nwe
1977,NFL,New England Patriots,nwe
1976,NFL,New England Patriots,nwe
1975,NFL,New England Patriots,nwe
1974,NFL,New England Patriots,nwe
1973,NFL,New England Patriots,nwe
1972,NFL,New England Patriots,nwe
1971,NFL,New England Patriots,nwe
1970,NFL,Boston Patriots,nwe
1969,AFL,Boston Patriots,nwe
1968,AFL,Boston Patriots,nwe
1967,AFL,Boston Patriots,nwe
1966,AFL,Boston Patriots,nwe
1965,AFL,Boston Patriots,nwe
1964,AFL,Boston Patriots,nwe
1963,AFL,Boston Patriots,nwe
1962,AFL,Boston Patriots,nwe
1961,AFL,Boston Patriots,nwe
1960,AFL,Boston Patriots,nwe
1926,NFL,Detroit Panthers,dpn
1925,NFL,Detroit Panthers,dpn
1932,NFL,Staten Island Stapletons,sis
1931,NFL,Staten Island Stapletons,sis
1930,NFL,Staten Island Stapletons,sis
1929,NFL,Staten Island Stapletons,sis
2015,NFL,New York Jets,nyj
2014,NFL,New York Jets,nyj
2013,NFL,New York Jets,nyj
2012,NFL,New York Jets,nyj
2011,NFL,New York Jets,nyj
2010,NFL,New York Jets,nyj
2009,NFL,New York Jets,nyj
2008,NFL,New York Jets,nyj
2007,NFL,New York Jets,nyj
2006,NFL,New York Jets,nyj
2005,NFL,New York Jets,nyj
2004,NFL,New York Jets,nyj
2003,NFL,New York Jets,nyj
2002,NFL,New York Jets,nyj
2001,NFL,New York Jets,nyj
2000,NFL,New York Jets,nyj
1999,NFL,New York Jets,nyj
1998,NFL,New York Jets,nyj
1997,NFL,New York Jets,nyj
1996,NFL,New York Jets,nyj
1995,NFL,New York Jets,nyj
1994,NFL,New York Jets,nyj
1993,NFL,New York Jets,nyj
1992,NFL,New York Jets,nyj
1991,NFL,New York Jets,nyj
1990,NFL,New York Jets,nyj
1989,NFL,New York Jets,nyj
1988,NFL,New York Jets,nyj
1987,NFL,New York Jets,nyj
1986,NFL,New York Jets,nyj
1985,NFL,New York Jets,nyj
1984,NFL,New York Jets,nyj
1983,NFL,New York Jets,nyj
1982,NFL,New York Jets,nyj
1981,NFL,New York Jets,nyj
1980,NFL,New York Jets,nyj
1979,NFL,New York Jets,nyj
1978,NFL,New York Jets,nyj
1977,NFL,New York Jets,nyj
1976,NFL,New York Jets,nyj
1975,NFL,New York Jets,nyj
1974,NFL,New York Jets,nyj
1973,NFL,New York Jets,nyj
1972,NFL,New York Jets,nyj
1971,NFL,New York Jets,nyj
1970,NFL,New York Jets,nyj
1969,AFL,New York Jets,nyj
1968,AFL,New York Jets,nyj
1967,AFL,New York Jets,nyj
1966,AFL,New York Jets,nyj
1965,AFL,New York Jets,nyj
1964,AFL,New York Jets,nyj
1963,AFL,New York Jets,nyj
1962,AFL,New York Titans,nyj
1961,AFL,New York Titans,nyj
1960,AFL,New York Titans,nyj
1931,NFL,Providence Steam Roller,prv
1930,NFL,Providence Steam Roller,prv
1929,NFL,Providence Steam Roller,prv
1928,NFL,Providence Steam Roller,prv
1927,NFL,Providence Steam Roller,prv
1926,NFL,Providence Steam Roller,prv
1925,NFL,Providence Steam Roller,prv
1949,AAFC,Chicago Hornets,cra
1948,AAFC,Chicago Rockets,cra
1947,AAFC,Chicago Rockets,cra
1946,AAFC,Chicago Rockets,cra
2015,NFL,Jacksonville Jaguars,jax
2014,NFL,Jacksonville Jaguars,jax
2013,NFL,Jacksonville Jaguars,jax
2012,NFL,Jacksonville Jaguars,jax
2011,NFL,Jacksonville Jaguars,jax
2010,NFL,Jacksonville Jaguars,jax
2009,NFL,Jacksonville Jaguars,jax
2008,NFL,Jacksonville Jaguars,jax
2007,NFL,Jacksonville Jaguars,jax
2006,NFL,Jacksonville Jaguars,jax
2005,NFL,Jacksonville Jaguars,jax
2004,NFL,Jacksonville Jaguars,jax
2003,NFL,Jacksonville Jaguars,jax
2002,NFL,Jacksonville Jaguars,jax
2001,NFL,Jacksonville Jaguars,jax
2000,NFL,Jacksonville Jaguars,jax
1999,NFL,Jacksonville Jaguars,jax
1998,NFL,Jacksonville Jaguars,jax
1997,NFL,Jacksonville Jaguars,jax
1996,NFL,Jacksonville Jaguars,jax
1995,NFL,Jacksonville Jaguars,jax
1949,AAFC,Los Angeles Dons,lda
1948,AAFC,Los Angeles Dons,lda
1947,AAFC,Los Angeles Dons,lda
1946,AAFC,Los Angeles Dons,lda
1931,NFL,Frankford Yellow Jackets,fyj
1930,NFL,Frankford Yellow Jackets,fyj
1929,NFL,Frankford Yellow Jackets,fyj
1928,NFL,Frankford Yellow Jackets,fyj
1927,NFL,Frankford Yellow Jackets,fyj
1926,NFL,Frankford Yellow Jackets,fyj
1925,NFL,Frankford Yellow Jackets,fyj
1924,NFL,Frankford Yellow Jackets,fyj
1926,NFL,Kansas City Cowboys,kcb
1925,NFL,Kansas City Cowboys,kcb
1924,NFL,Kansas City Blues,kcb
2015,NFL,Detroit Lions,det
2014,NFL,Detroit Lions,det
2013,NFL,Detroit Lions,det
2012,NFL,Detroit Lions,det
2011,NFL,Detroit Lions,det
2010,NFL,Detroit Lions,det
2009,NFL,Detroit Lions,det
2008,NFL,Detroit Lions,det
2007,NFL,Detroit Lions,det
2006,NFL,Detroit Lions,det
2005,NFL,Detroit Lions,det
2004,NFL,Detroit Lions,det
2003,NFL,Detroit Lions,det
2002,NFL,Detroit Lions,det
2001,NFL,Detroit Lions,det
2000,NFL,Detroit Lions,det
1999,NFL,Detroit Lions,det
1998,NFL,Detroit Lions,det
1997,NFL,Detroit Lions,det
1996,NFL,Detroit Lions,det
1995,NFL,Detroit Lions,det
1994,NFL,Detroit Lions,det
1993,NFL,Detroit Lions,det
1992,NFL,Detroit Lions,det
1991,NFL,Detroit Lions,det
1990,NFL,Detroit Lions,det
1989,NFL,Detroit Lions,det
1988,NFL,Detroit Lions,det
1987,NFL,Detroit Lions,det
1986,NFL,Detroit Lions,det
1985,NFL,Detroit Lions,det
1984,NFL,Detroit Lions,det
1983,NFL,Detroit Lions,det
1982,NFL,Detroit Lions,det
1981,NFL,Detroit Lions,det
1980,NFL,Detroit Lions,det
1979,NFL,Detroit Lions,det
1978,NFL,Detroit Lions,det
1977,NFL,Detroit Lions,det
1976,NFL,Detroit Lions,det
1975,NFL,Detroit Lions,det
1974,NFL,Detroit Lions,det
1973,NFL,Detroit Lions,det
1972,NFL,Detroit Lions,det
1971,NFL,Detroit Lions,det
1970,NFL,Detroit Lions,det
1969,NFL,Detroit Lions,det
1968,NFL,Detroit Lions,det
1967,NFL,Detroit Lions,det
1966,NFL,Detroit Lions,det
1965,NFL,Detroit Lions,det
1964,NFL,Detroit Lions,det
1963,NFL,Detroit Lions,det
1962,NFL,Detroit Lions,det
1961,NFL,Detroit Lions,det
1960,NFL,Detroit Lions,det
1959,NFL,Detroit Lions,det
1958,NFL,Detroit Lions,det
1957,NFL,Detroit Lions,det
1956,NFL,Detroit Lions,det
1955,NFL,Detroit Lions,det
1954,NFL,Detroit Lions,det
1953,NFL,Detroit Lions,det
1952,NFL,Detroit Lions,det
1951,NFL,Detroit Lions,det
1950,NFL,Detroit Lions,det
1949,NFL,Detroit Lions,det
1948,NFL,Detroit Lions,det
1947,NFL,Detroit Lions,det
1946,NFL,Detroit Lions,det
1945,NFL,Detroit Lions,det
1944,NFL,Detroit Lions,det
1943,NFL,Detroit Lions,det
1942,NFL,Detroit Lions,det
1941,NFL,Detroit Lions,det
1940,NFL,Detroit Lions,det
1939,NFL,Detroit Lions,det
1938,NFL,Detroit Lions,det
1937,NFL,Detroit Lions,det
1936,NFL,Detroit Lions,det
1935,NFL,Detroit Lions,det
1934,NFL,Detroit Lions,det
1933,NFL,Portsmouth Spartans,det
1932,NFL,Portsmouth Spartans,det
1931,NFL,Portsmouth Spartans,det
1930,NFL,Portsmouth Spartans,det
1934,NFL,Cincinnati Reds,red
1933,NFL,Cincinnati Reds,red
2015,NFL,Indianapolis Colts,clt
2014,NFL,Indianapolis Colts,clt
2013,NFL,Indianapolis Colts,clt
2012,NFL,Indianapolis Colts,clt
2011,NFL,Indianapolis Colts,clt
2010,NFL,Indianapolis Colts,clt
2009,NFL,Indianapolis Colts,clt
2008,NFL,Indianapolis Colts,clt
2007,NFL,Indianapolis Colts,clt
2006,NFL,Indianapolis Colts,clt
2005,NFL,Indianapolis Colts,clt
2004,NFL,Indianapolis Colts,clt
2003,NFL,Indianapolis Colts,clt
2002,NFL,Indianapolis Colts,clt
2001,NFL,Indianapolis Colts,clt
2000,NFL,Indianapolis Colts,clt
1999,NFL,Indianapolis Colts,clt
1998,NFL,Indianapolis Colts,clt
1997,NFL,Indianapolis Colts,clt
1996,NFL,Indianapolis Colts,clt
1995,NFL,Indianapolis Colts,clt
1994,NFL,Indianapolis Colts,clt
1993,NFL,Indianapolis Colts,clt
1992,NFL,Indianapolis Colts,clt
1991,NFL,Indianapolis Colts,clt
1990,NFL,Indianapolis Colts,clt
1989,NFL,Indianapolis Colts,clt
1988,NFL,Indianapolis Colts,clt
1987,NFL,Indianapolis Colts,clt
1986,NFL,Indianapolis Colts,clt
1985,NFL,Indianapolis Colts,clt
1984,NFL,Indianapolis Colts,clt
1983,NFL,Baltimore Colts,clt
1982,NFL,Baltimore Colts,clt
1981,NFL,Baltimore Colts,clt
1980,NFL,Baltimore Colts,clt
1979,NFL,Baltimore Colts,clt
1978,NFL,Baltimore Colts,clt
1977,NFL,Baltimore Colts,clt
1976,NFL,Baltimore Colts,clt
1975,NFL,Baltimore Colts,clt
1974,NFL,Baltimore Colts,clt
1973,NFL,Baltimore Colts,clt
1972,NFL,Baltimore Colts,clt
1971,NFL,Baltimore Colts,clt
1970,NFL,Baltimore Colts,clt
1969,NFL,Baltimore Colts,clt
1968,NFL,Baltimore Colts,clt
1967,NFL,Baltimore Colts,clt
1966,NFL,Baltimore Colts,clt
1965,NFL,Baltimore Colts,clt
1964,NFL,Baltimore Colts,clt
1963,NFL,Baltimore Colts,clt
1962,NFL,Baltimore Colts,clt
1961,NFL,Baltimore Colts,clt
1960,NFL,Baltimore Colts,clt
1959,NFL,Baltimore Colts,clt
1958,NFL,Baltimore Colts,clt
1957,NFL,Baltimore Colts,clt
1956,NFL,Baltimore Colts,clt
1955,NFL,Baltimore Colts,clt
1954,NFL,Baltimore Colts,clt
1953,NFL,Baltimore Colts,clt
1950,NFL,Baltimore Colts,bcl
1949,AAFC,Baltimore Colts,bcl
1948,AAFC,Baltimore Colts,bcl
1947,AAFC,Baltimore Colts,bcl
1952,NFL,Dallas Texans,dtx
1920,APFA,Detroit Heralds,dhr
2015,NFL,Minnesota Vikings,min
2014,NFL,Minnesota Vikings,min
2013,NFL,Minnesota Vikings,min
2012,NFL,Minnesota Vikings,min
2011,NFL,Minnesota Vikings,min
2010,NFL,Minnesota Vikings,min
2009,NFL,Minnesota Vikings,min
2008,NFL,Minnesota Vikings,min
2007,NFL,Minnesota Vikings,min
2006,NFL,Minnesota Vikings,min
2005,NFL,Minnesota Vikings,min
2004,NFL,Minnesota Vikings,min
2003,NFL,Minnesota Vikings,min
2002,NFL,Minnesota Vikings,min
2001,NFL,Minnesota Vikings,min
2000,NFL,Minnesota Vikings,min
1999,NFL,Minnesota Vikings,min
1998,NFL,Minnesota Vikings,min
1997,NFL,Minnesota Vikings,min
1996,NFL,Minnesota Vikings,min
1995,NFL,Minnesota Vikings,min
1994,NFL,Minnesota Vikings,min
1993,NFL,Minnesota Vikings,min
1992,NFL,Minnesota Vikings,min
1991,NFL,Minnesota Vikings,min
1990,NFL,Minnesota Vikings,min
1989,NFL,Minnesota Vikings,min
1988,NFL,Minnesota Vikings,min
1987,NFL,Minnesota Vikings,min
1986,NFL,Minnesota Vikings,min
1985,NFL,Minnesota Vikings,min
1984,NFL,Minnesota Vikings,min
1983,NFL,Minnesota Vikings,min
1982,NFL,Minnesota Vikings,min
1981,NFL,Minnesota Vikings,min
1980,NFL,Minnesota Vikings,min
1979,NFL,Minnesota Vikings,min
1978,NFL,Minnesota Vikings,min
1977,NFL,Minnesota Vikings,min
1976,NFL,Minnesota Vikings,min
1975,NFL,Minnesota Vikings,min
1974,NFL,Minnesota Vikings,min
1973,NFL,Minnesota Vikings,min
1972,NFL,Minnesota Vikings,min
1971,NFL,Minnesota Vikings,min
1970,NFL,Minnesota Vikings,min
1969,NFL,Minnesota Vikings,min
1968,NFL,Minnesota Vikings,min
1967,NFL,Minnesota Vikings,min
1966,NFL,Minnesota Vikings,min
1965,NFL,Minnesota Vikings,min
1964,NFL,Minnesota Vikings,min
1963,NFL,Minnesota Vikings,min
1962,NFL,Minnesota Vikings,min
1961,NFL,Minnesota Vikings,min
1926,NFL,Columbus Tigers,col
1925,NFL,Columbus Tigers,col
1924,NFL,Columbus Tigers,col
1923,NFL,Columbus Tigers,col
1922,NFL,Columbus Panhandles,col
1921,APFA,Columbus Panhandles,col
1920,APFA,Columbus Panhandles,col
2015,NFL,Tennessee Titans,oti
2014,NFL,Tennessee Titans,oti
2013,NFL,Tennessee Titans,oti
2012,NFL,Tennessee Titans,oti
2011,NFL,Tennessee Titans,oti
2010,NFL,Tennessee Titans,oti
2009,NFL,Tennessee Titans,oti
2008,NFL,Tennessee Titans,oti
2007,NFL,Tennessee Titans,oti
2006,NFL,Tennessee Titans,oti
2005,NFL,Tennessee Titans,oti
2004,NFL,Tennessee Titans,oti
2003,NFL,Tennessee Titans,oti
2002,NFL,Tennessee Titans,oti
2001,NFL,Tennessee Titans,oti
2000,NFL,Tennessee Titans,oti
1999,NFL,Tennessee Titans,oti
1998,NFL,Tennessee Oilers,oti
1997,NFL,Tennessee Oilers,oti
1996,NFL,Houston Oilers,oti
1995,NFL,Houston Oilers,oti
1994,NFL,Houston Oilers,oti
1993,NFL,Houston Oilers,oti
1992,NFL,Houston Oilers,oti
1991,NFL,Houston Oilers,oti
1990,NFL,Houston Oilers,oti
1989,NFL,Houston Oilers,oti
1988,NFL,Houston Oilers,oti
1987,NFL,Houston Oilers,oti
1986,NFL,Houston Oilers,oti
1985,NFL,Houston Oilers,oti
1984,NFL,Houston Oilers,oti
1983,NFL,Houston Oilers,oti
1982,NFL,Houston Oilers,oti
1981,NFL,Houston Oilers,oti
1980,NFL,Houston Oilers,oti
1979,NFL,Houston Oilers,oti
1978,NFL,Houston Oilers,oti
1977,NFL,Houston Oilers,oti
1976,NFL,Houston Oilers,oti
1975,NFL,Houston Oilers,oti
1974,NFL,Houston Oilers,oti
1973,NFL,Houston Oilers,oti
1972,NFL,Houston Oilers,oti
1971,NFL,Houston Oilers,oti
1970,NFL,Houston Oilers,oti
1969,AFL,Houston Oilers,oti
1968,AFL,Houston Oilers,oti
1967,AFL,Houston Oilers,oti
1966,AFL,Houston Oilers,oti
1965,AFL,Houston Oilers,oti
1964,AFL,Houston Oilers,oti
1963,AFL,Houston Oilers,oti
1962,AFL,Houston Oilers,oti
1961,AFL,Houston Oilers,oti
1960,AFL,Houston Oilers,oti
1923,NFL,St. Louis All-Stars,sla
1930,NFL,Minneapolis Red Jackets,mnn
1929,NFL,Minneapolis Red Jackets,mnn
1924,NFL,Minneapolis Marines,mnn
1923,NFL,Minneapolis Marines,mnn
1922,NFL,Minneapolis Marines,mnn
1921,APFA,Minneapolis Marines,mnn
2015,NFL,Arizona Cardinals,crd
2014,NFL,Arizona Cardinals,crd
2013,NFL,Arizona Cardinals,crd
2012,NFL,Arizona Cardinals,crd
2011,NFL,Arizona Cardinals,crd
2010,NFL,Arizona Cardinals,crd
2009,NFL,Arizona Cardinals,crd
2008,NFL,Arizona Cardinals,crd
2007,NFL,Arizona Cardinals,crd
2006,NFL,Arizona Cardinals,crd
2005,NFL,Arizona Cardinals,crd
2004,NFL,Arizona Cardinals,crd
2003,NFL,Arizona Cardinals,crd
2002,NFL,Arizona Cardinals,crd
2001,NFL,Arizona Cardinals,crd
2000,NFL,Arizona Cardinals,crd
1999,NFL,Arizona Cardinals,crd
1998,NFL,Arizona Cardinals,crd
1997,NFL,Arizona Cardinals,crd
1996,NFL,Arizona Cardinals,crd
1995,NFL,Arizona Cardinals,crd
1994,NFL,Arizona Cardinals,crd
1993,NFL,Phoenix Cardinals,crd
1992,NFL,Phoenix Cardinals,crd
1991,NFL,Phoenix Cardinals,crd
1990,NFL,Phoenix Cardinals,crd
1989,NFL,Phoenix Cardinals,crd
1988,NFL,Phoenix Cardinals,crd
1987,NFL,St. Louis Cardinals,crd
1986,NFL,St. Louis Cardinals,crd
1985,NFL,St. Louis Cardinals,crd
1984,NFL,St. Louis Cardinals,crd
1983,NFL,St. Louis Cardinals,crd
1982,NFL,St. Louis Cardinals,crd
1981,NFL,St. Louis Cardinals,crd
1980,NFL,St. Louis Cardinals,crd
1979,NFL,St. Louis Cardinals,crd
1978,NFL,St. Louis Cardinals,crd
1977,NFL,St. Louis Cardinals,crd
1976,NFL,St. Louis Cardinals,crd
1975,NFL,St. Louis Cardinals,crd
1974,NFL,St. Louis Cardinals,crd
1973,NFL,St. Louis Cardinals,crd
1972,NFL,St. Louis Cardinals,crd
1971,NFL,St. Louis Cardinals,crd
1970,NFL,St. Louis Cardinals,crd
1969,NFL,St. Louis Cardinals,crd
1968,NFL,St. Louis Cardinals,crd
1967,NFL,St. Louis Cardinals,crd
1966,NFL,St. Louis Cardinals,crd
1965,NFL,St. Louis Cardinals,crd
1964,NFL,St. Louis Cardinals,crd
1963,NFL,St. Louis Cardinals,crd
1962,NFL,St. Louis Cardinals,crd
1961,NFL,St. Louis Cardinals,crd
1960,NFL,St. Louis Cardinals,crd
1959,NFL,Chicago Cardinals,crd
1958,NFL,Chicago Cardinals,crd
1957,NFL,Chicago Cardinals,crd
1956,NFL,Chicago Cardinals,crd
1955,NFL,Chicago Cardinals,crd
1954,NFL,Chicago Cardinals,crd
1953,NFL,Chicago Cardinals,crd
1952,NFL,Chicago Cardinals,crd
1951,NFL,Chicago Cardinals,crd
1950,NFL,Chicago Cardinals,crd
1949,NFL,Chicago Cardinals,crd
1948,NFL,Chicago Cardinals,crd
1947,NFL,Chicago Cardinals,crd
1946,NFL,Chicago Cardinals,crd
1945,NFL,Chicago Cardinals,crd
1944,NFL,Chi/Pit Cards/Steelers,crd
1943,NFL,Chicago Cardinals,crd
1942,NFL,Chicago Cardinals,crd
1941,NFL,Chicago Cardinals,crd
1940,NFL,Chicago Cardinals,crd
1939,NFL,Chicago Cardinals,crd
1938,NFL,Chicago Cardinals,crd
1937,NFL,Chicago Cardinals,crd
1936,NFL,Chicago Cardinals,crd
1935,NFL,Chicago Cardinals,crd
1934,NFL,Chicago Cardinals,crd
1933,NFL,Chicago Cardinals,crd
1932,NFL,Chicago Cardinals,crd
1931,NFL,Chicago Cardinals,crd
1930,NFL,Chicago Cardinals,crd
1929,NFL,Chicago Cardinals,crd
1928,NFL,Chicago Cardinals,crd
1927,NFL,Chicago Cardinals,crd
1926,NFL,Chicago Cardinals,crd
1925,NFL,Chicago Cardinals,crd
1924,NFL,Chicago Cardinals,crd
1923,NFL,Chicago Cardinals,crd
1922,NFL,Chicago Cardinals,crd
1921,APFA,Chicago Cardinals,crd
1920,APFA,Chicago Cardinals,crd
1926,NFL,Los Angeles Buccaneers,lab
2015,NFL,Pittsburgh Steelers,pit
2014,NFL,Pittsburgh Steelers,pit
2013,NFL,Pittsburgh Steelers,pit
2012,NFL,Pittsburgh Steelers,pit
2011,NFL,Pittsburgh Steelers,pit
2010,NFL,Pittsburgh Steelers,pit
2009,NFL,Pittsburgh Steelers,pit
2008,NFL,Pittsburgh Steelers,pit
2007,NFL,Pittsburgh Steelers,pit
2006,NFL,Pittsburgh Steelers,pit
2005,NFL,Pittsburgh Steelers,pit
2004,NFL,Pittsburgh Steelers,pit
2003,NFL,Pittsburgh Steelers,pit
2002,NFL,Pittsburgh Steelers,pit
2001,NFL,Pittsburgh Steelers,pit
2000,NFL,Pittsburgh Steelers,pit
1999,NFL,Pittsburgh Steelers,pit
1998,NFL,Pittsburgh Steelers,pit
1997,NFL,Pittsburgh Steelers,pit
1996,NFL,Pittsburgh Steelers,pit
1995,NFL,Pittsburgh Steelers,pit
1994,NFL,Pittsburgh Steelers,pit
1993,NFL,Pittsburgh Steelers,pit
1992,NFL,Pittsburgh Steelers,pit
1991,NFL,Pittsburgh Steelers,pit
1990,NFL,Pittsburgh Steelers,pit
1989,NFL,Pittsburgh Steelers,pit
1988,NFL,Pittsburgh Steelers,pit
1987,NFL,Pittsburgh Steelers,pit
1986,NFL,Pittsburgh Steelers,pit
1985,NFL,Pittsburgh Steelers,pit
1984,NFL,Pittsburgh Steelers,pit
1983,NFL,Pittsburgh Steelers,pit
1982,NFL,Pittsburgh Steelers,pit
1981,NFL,Pittsburgh Steelers,pit
1980,NFL,Pittsburgh Steelers,pit
1979,NFL,Pittsburgh Steelers,pit
1978,NFL,Pittsburgh Steelers,pit
1977,NFL,Pittsburgh Steelers,pit
1976,NFL,Pittsburgh Steelers,pit
1975,NFL,Pittsburgh Steelers,pit
1974,NFL,Pittsburgh Steelers,pit
1973,NFL,Pittsburgh Steelers,pit
1972,NFL,Pittsburgh Steelers,pit
1971,NFL,Pittsburgh Steelers,pit
1970,NFL,Pittsburgh Steelers,pit
1969,NFL,Pittsburgh Steelers,pit
1968,NFL,Pittsburgh Steelers,pit
1967,NFL,Pittsburgh Steelers,pit
1966,NFL,Pittsburgh Steelers,pit
1965,NFL,Pittsburgh Steelers,pit
1964,NFL,Pittsburgh Steelers,pit
1963,NFL,Pittsburgh Steelers,pit
1962,NFL,Pittsburgh Steelers,pit
1961,NFL,Pittsburgh Steelers,pit
1960,NFL,Pittsburgh Steelers,pit
1959,NFL,Pittsburgh Steelers,pit
1958,NFL,Pittsburgh Steelers,pit
1957,NFL,Pittsburgh Steelers,pit
1956,NFL,Pittsburgh Steelers,pit
1955,NFL,Pittsburgh Steelers,pit
1954,NFL,Pittsburgh Steelers,pit
1953,NFL,Pittsburgh Steelers,pit
1952,NFL,Pittsburgh Steelers,pit
1951,NFL,Pittsburgh Steelers,pit
1950,NFL,Pittsburgh Steelers,pit
1949,NFL,Pittsburgh Steelers,pit
1948,NFL,Pittsburgh Steelers,pit
1947,NFL,Pittsburgh Steelers,pit
1946,NFL,Pittsburgh Steelers,pit
1945,NFL,Pittsburgh Steelers,pit
1942,NFL,Pittsburgh Steelers,pit
1941,NFL,Pittsburgh Steelers,pit
1940,NFL,Pittsburgh Steelers,pit
1939,NFL,Pittsburgh Pirates,pit
1938,NFL,Pittsburgh Pirates,pit
1937,NFL,Pittsburgh Pirates,pit
1936,NFL,Pittsburgh Pirates,pit
1935,NFL,Pittsburgh Pirates,pit
1934,NFL,Pittsburgh Pirates,pit
1933,NFL,Pittsburgh Pirates,pit
1921,APFA,Detroit Tigers,dti
1923,NFL,Oorang Indians,oor
1922,NFL,Oorang Indians,oor
2015,NFL,Baltimore Ravens,rav
2014,NFL,Baltimore Ravens,rav
2013,NFL,Baltimore Ravens,rav
2012,NFL,Baltimore Ravens,rav
2011,NFL,Baltimore Ravens,rav
2010,NFL,Baltimore Ravens,rav
2009,NFL,Baltimore Ravens,rav
2008,NFL,Baltimore Ravens,rav
2007,NFL,Baltimore Ravens,rav
2006,NFL,Baltimore Ravens,rav
2005,NFL,Baltimore Ravens,rav
2004,NFL,Baltimore Ravens,rav
2003,NFL,Baltimore Ravens,rav
2002,NFL,Baltimore Ravens,rav
2001,NFL,Baltimore Ravens,rav
2000,NFL,Baltimore Ravens,rav
1999,NFL,Baltimore Ravens,rav
1998,NFL,Baltimore Ravens,rav
1997,NFL,Baltimore Ravens,rav
1996,NFL,Baltimore Ravens,rav
1948,AAFC,Brooklyn Dodgers,bda
1947,AAFC,Brooklyn Dodgers,bda
1946,AAFC,Brooklyn Dodgers,bda
2015,NFL,Carolina Panthers,car
2014,NFL,Carolina Panthers,car
2013,NFL,Carolina Panthers,car
2012,NFL,Carolina Panthers,car
2011,NFL,Carolina Panthers,car
2010,NFL,Carolina Panthers,car
2009,NFL,Carolina Panthers,car
2008,NFL,Carolina Panthers,car
2007,NFL,Carolina Panthers,car
2006,NFL,Carolina Panthers,car
2005,NFL,Carolina Panthers,car
2004,NFL,Carolina Panthers,car
2003,NFL,Carolina Panthers,car
2002,NFL,Carolina Panthers,car
2001,NFL,Carolina Panthers,car
2000,NFL,Carolina Panthers,car
1999,NFL,Carolina Panthers,car
1998,NFL,Carolina Panthers,car
1997,NFL,Carolina Panthers,car
1996,NFL,Carolina Panthers,car
1995,NFL,Carolina Panthers,car
1948,NFL,Boston Yanks,byk
1947,NFL,Boston Yanks,byk
1946,NFL,Boston Yanks,byk
1945,NFL,Bos/Bkn Yanks/Tigers,byk
1944,NFL,Boston Yanks,byk
1923,NFL,Toledo Maroons,tol
1922,NFL,Toledo Maroons,tol
2015,NFL,San Diego Chargers,sdg
2014,NFL,San Diego Chargers,sdg
2013,NFL,San Diego Chargers,sdg
2012,NFL,San Diego Chargers,sdg
2011,NFL,San Diego Chargers,sdg
2010,NFL,San Diego Chargers,sdg
2009,NFL,San Diego Chargers,sdg
2008,NFL,San Diego Chargers,sdg
2007,NFL,San Diego Chargers,sdg
2006,NFL,San Diego Chargers,sdg
2005,NFL,San Diego Chargers,sdg
2004,NFL,San Diego Chargers,sdg
2003,NFL,San Diego Chargers,sdg
2002,NFL,San Diego Chargers,sdg
2001,NFL,San Diego Chargers,sdg
2000,NFL,San Diego Chargers,sdg
1999,NFL,San Diego Chargers,sdg
1998,NFL,San Diego Chargers,sdg
1997,NFL,San Diego Chargers,sdg
1996,NFL,San Diego Chargers,sdg
1995,NFL,San Diego Chargers,sdg
1994,NFL,San Diego Chargers,sdg
1993,NFL,San Diego Chargers,sdg
1992,NFL,San Diego Chargers,sdg
1991,NFL,San Diego Chargers,sdg
1990,NFL,San Diego Chargers,sdg
1989,NFL,San Diego Chargers,sdg
1988,NFL,San Diego Chargers,sdg
1987,NFL,San Diego Chargers,sdg
1986,NFL,San Diego Chargers,sdg
1985,NFL,San Diego Chargers,sdg
1984,NFL,San Diego Chargers,sdg
1983,NFL,San Diego Chargers,sdg
1982,NFL,San Diego Chargers,sdg
1981,NFL,San Diego Chargers,sdg
1980,NFL,San Diego Chargers,sdg
1979,NFL,San Diego Chargers,sdg
1978,NFL,San Diego Chargers,sdg
1977,NFL,San Diego Chargers,sdg
1976,NFL,San Diego Chargers,sdg
1975,NFL,San Diego Chargers,sdg
1974,NFL,San Diego Chargers,sdg
1973,NFL,San Diego Chargers,sdg
1972,NFL,San Diego Chargers,sdg
1971,NFL,San Diego Chargers,sdg
1970,NFL,San Diego Chargers,sdg
1969,AFL,San Diego Chargers,sdg
1968,AFL,San Diego Chargers,sdg
1967,AFL,San Diego Chargers,sdg
1966,AFL,San Diego Chargers,sdg
1965,AFL,San Diego Chargers,sdg
1964,AFL,San Diego Chargers,sdg
1963,AFL,San Diego Chargers,sdg
1962,AFL,San Diego Chargers,sdg
1961,AFL,San Diego Chargers,sdg
1960,AFL,Los Angeles Chargers,sdg
